{"i_msxml":{"description":"MS xml data loader is not supported now.","url":"","value":"{550dda30-0541-11d2-9ca9-0060b0ec3d39}","identifier":"i_msxml","type":"clsid","issueId":"87"},"y_ccb":{"description":"\u5efa\u884c\u53ea\u9700\u5b89\u88c5\u5b98\u65b9\u7684Firefox\u63a7\u4ef6\u5373\u53ef\u4f7f\u7528\u666e\u901aU\u76fe\u652f\u4ed8","url":"http://www.ccb.com/cn/jump/download.htm","value":"https://*.ccb.com.cn/*","identifier":"y_ccb","type":"wild","issueId":"-1"},"i_ecitic":{"description":"\u4e2d\u4fe1\u94f6\u884c\u63a7\u4ef6\u5b58\u5728\u5b89\u5168\u95ee\u9898\uff0c\u5c06\u4e0d\u518d\u63d0\u4f9b\u652f\u6301","url":"","value":"https://*.ecitic.com/*","identifier":"i_ecitic","type":"wild","issueId":"55"}}