{"_boc_FormCheck.js":{"url":"_boc_FormCheck.js","identifier":"_boc_FormCheck.js","context":"page"},"_bugu_patch":{"url":"bugu_patch.js","identifier":"_bugu_patch","context":"page"},"dynamic":{"url":"dynamic.js","identifier":"dynamic","context":"page"},"_boc_FormatMoneyBase":{"url":"_boc_FormatMoneyBase.js","identifier":"_boc_FormatMoneyBase","context":"page"},"_tipzap_player":{"url":"_tipzap_player.js","identifier":"_tipzap_player","context":"page"},"_poco_upload":{"url":"poco_upload.js","identifier":"_poco_upload","context":"page"},"cebpay":{"url":"cebpay.js","identifier":"cebpay","context":"page"},"formid":{"url":"formid.js","identifier":"formid","context":"extension"},"_boc_md5":{"url":"_boc_md5.js","identifier":"_boc_md5","context":"page"},"clsid":{"url":"clsid.js","identifier":"clsid","context":"page"},"_boc_resources_zh_CN_CurCode":{"url":"_boc_resources_zh_CN_CurCode.js","identifier":"_boc_resources_zh_CN_CurCode","context":"page"},"_cloud_zz":{"url":"_cloudzz.js","identifier":"_cloud_zz","context":"page"},"popup":{"url":"popup.js","identifier":"popup","context":"page"},"ieidname":{"url":"ieidname.js","identifier":"ieidname","context":"page"},"ieevent":{"url":"IEEvent.js","identifier":"ieevent","context":"page"},"_boc_common":{"url":"_boc_common.js","identifier":"_boc_common","context":"page"},"createElement":{"url":"createElement.js","identifier":"createElement","context":"page"},"_cmb_pay":{"url":"cmb_pay.js","identifier":"_cmb_pay","context":"page"},"95559_submit":{"url":"95559_submit.js","identifier":"95559_submit","context":"page"},"_boc_createElement":{"url":"_boc_createElement.js","identifier":"_boc_createElement","context":"page"},"_boc_PageLimit":{"url":"_boc_PageLimit.js","identifier":"_boc_PageLimit","context":"page"},"none2block":{"url":"none2block.js","identifier":"none2block","context":"extension"},"cpuClass":{"url":"cpuclass.js","identifier":"cpuClass","context":"page"},"map_id_name":{"url":"map_id_name.js","identifier":"map_id_name","context":"extension"},"_boc_FormatMoneyShow":{"url":"_boc_FormatMoneyShow.js","identifier":"_boc_FormatMoneyShow","context":"page"},"documentid":{"url":"documentid.js","identifier":"documentid","context":"extension"},"_boc_calendar":{"url":"_boc_calendar.js","identifier":"_boc_calendar","context":"page"}}