{"s_bankbj":{"keyword":"bankofbeijing","title":"\u5317\u4eac\u94f6\u884c","script":"","value":"https://*.bankofbeijing.com.cn/*","testUrl":"https://ebank.bankofbeijing.com.cn/bccbpb/accountLogon.jsp?language=zh_CN","userAgent":"","identifier":"s_bankbj","type":"wild"},"e_ecitic":{"keyword":"ecitic","title":"\u4e2d\u4fe1\u94f6\u884c","script":"ieevent dynamic none2block","value":"https://e.bank.ecitic.com/*","testUrl":"https://e.bank.ecitic.com/perbank5/signIn.do","userAgent":"","identifier":"e_ecitic","type":"wild"},"s_cebbank":{"keyword":"cebbank","title":"\u5149\u5927\u94f6\u884c","script":"ieevent ieidname cebpay","value":"https://www.cebbank.com/*","testUrl":"https://www.cebbank.com/per/perlogin1.do","userAgent":"","identifier":"s_cebbank","type":"wild"},"s_95559":{"keyword":"95559","title":"\u4ea4\u901a\u94f6\u884c","script":"none2block 95559_submit","value":"https://*.95559.com.cn/*","testUrl":"https://pbank.95559.com.cn/personbank/common_logon.jsp","userAgent":"","identifier":"s_95559","type":"wild"},"s_cgbchina":{"keyword":"cgbchina","title":"\u5e7f\u53d1\u94f6\u884c","script":"cpuClass","value":"https://*.cgbchina.com.cn/*","testUrl":"https://ebanks.cgbchina.com.cn/perbank/","userAgent":"","identifier":"s_cgbchina","type":"wild"},"s_psbc":{"keyword":"psbc","title":"\u4e2d\u56fd\u90ae\u653f\u50a8\u84c4","script":"","value":"https://*.psbc.com/*","testUrl":"https://pbank.psbc.com/pweb/prelogin.do?_locale=zh_CN&BankId=9999","userAgent":"ie9","identifier":"s_psbc","type":"wild"},"s_wmp":{"keyword":"","title":"Windows Media Player","script":"","value":"{22d6f312-b0f6-11d0-94ab-0080c74c7e95}","testUrl":"","userAgent":"","identifier":"s_wmp","type":"clsid"},"s_poco":{"keyword":"poco","title":"Poco\u56fe\u7247\u4e0a\u4f20","script":"ieevent _poco_upload","value":"http://*.poco.cn/*","testUrl":"http://my.poco.cn/album/album_bath_upload.iframe.php?set_hash=&test=v2","userAgent":"ie9","identifier":"s_poco","type":"wild"},"s_logmein":{"keyword":"logmein","title":"LogMeIn Remote control","script":"none2block","value":"https://*.logmein.com/*","testUrl":"https://test-pc-yldoltovxd.app03-22.logmein.com/default.html?go=r&rawtnl=31645176_0&gwsid=_Im9fKLtuXU9tdD3gOj10r6OPDETjzwewTm","userAgent":"ie9","identifier":"s_logmein","type":"wild"},"s_cloudzz":{"keyword":"cloudzz","title":"CloudZZ","script":"_cloud_zz dynamic ieevent none2block","value":"https://*.cloudzz.com/*","testUrl":"https://web.cloudzz.com/RDWeb/Pages/en-US/default.aspx","userAgent":"ie9","identifier":"s_cloudzz","type":"wild"},"s_tipzap":{"keyword":"tipzap","title":"TipZap media player","script":"_tipzap_player","value":"http://*.tiztap.com/*","testUrl":"http://play.tiztap.com/play_user_music.asp?id=48851&id=48850&id=48849&id=48848&id=48847&id=48843&id=48842&id=48841&id=48840&id=48839&id=48838&id=48837&id=48836&id=48835&id=48834&id=48829&id=48827&id=48826&id=48825&id=48823&id=48820&id=48819&id=48817&id=48815&id=48813&id=48811&id=48810&id=48800&id=48799&id=48798&id=","userAgent":"","identifier":"s_tipzap","type":"wild"},"s_pptv":{"keyword":"pptv","title":"PPTV\u7f51\u7edc\u7535\u89c6","script":"","value":"http://*.pptv.com/*","testUrl":"http://tvnet.pptv.com/","userAgent":"ie9","identifier":"s_pptv","type":"wild"},"s_ICBC":{"keyword":"icbc","title":"ICBC\u5de5\u5546\u94f6\u884c","script":"createElement none2block formid","value":"https://*.icbc.com.cn/*","testUrl":"https://mybank.icbc.com.cn/icbc/perbank/index.jsp","userAgent":"ie9","identifier":"s_ICBC","type":"wild"},"s_95599_2":{"keyword":"abchina","title":"\u4e2d\u56fd\u519c\u4e1a\u94f6\u884c\u767b\u5f55\u754c\u9762","script":"","value":"http://*.abchina.com/*","testUrl":"http://www.abchina.com/cn/EBanking/Ebanklogin/PCustomerLogin/default.htm","userAgent":"ie9","identifier":"s_95599_2","type":"wild"},"s_95599_1":{"keyword":"95599","title":"ABC\u4e2d\u56fd\u519c\u4e1a\u94f6\u884c","script":"map_id_name","value":"https://*.95599.cn/*","testUrl":"https://easyabc.95599.cn/commbank/netBank/zh_CN/CommLogin.aspx","userAgent":"ie9","identifier":"s_95599_1","type":"wild"},"s_cmbchina":{"keyword":"cmbchina","title":"\u4e2d\u56fd\u62db\u5546\u94f6\u884c","script":"_cmb_pay ieevent popup documentid dynamic","value":"https://*.cmbchina.com/*","testUrl":"https://pbnj.ebank.cmbchina.com/CmbBank_GenShell/UI/GenShellPC/Login/Login.aspx","userAgent":"ie9","identifier":"s_cmbchina","type":"wild"},"s_hxb":{"keyword":"hxb","title":"\u534e\u590f\u94f6\u884c","script":"ieidname","value":"https://*.hxb.com.cn/*","testUrl":"https://sbank.hxb.com.cn/easybanking/login.do?","userAgent":"","identifier":"s_hxb","type":"wild"},"s_bugu":{"keyword":"bugu","title":"\u5e03\u8c37CNTV","script":"_bugu_patch","value":"http://*.cntv.cn/*","testUrl":"http://bugu.cntv.cn/live_cctv3/index.shtml","userAgent":"ie9","identifier":"s_bugu","type":"wild"},"s_cmbc":{"keyword":"cmbc","title":"\u6c11\u751f\u94f6\u884c","script":"none2block","value":"https://*.cmbc.com.cn/*","testUrl":"https://business.cmbc.com.cn/index_Private_pri.html","userAgent":"","identifier":"s_cmbc","type":"wild"},"s_sdb":{"keyword":"sdb","title":"\u6df1\u5733\u53d1\u5c55\u94f6\u884c","script":"","value":"https://ebank.sdb.com.cn/*","testUrl":"https://ebank.sdb.com.cn/perbank/logon_pro.jsp","userAgent":"ie9","identifier":"s_sdb","type":"wild"},"s_qvod":{"keyword":"","title":"Qvod\u5feb\u64ad","script":"","value":"{F3D0D36F-23F8-4682-A195-74C92B03D4AF} ","testUrl":"","userAgent":"","identifier":"s_qvod","type":"clsid"},"s_msxml":{"keyword":"","title":"MSXML data source loader","script":"","value":"{550dda30-0541-11d2-9ca9-0060b0ec3d39}","testUrl":"","userAgent":"","identifier":"s_msxml","type":"clsid"},"s_BOC":{"keyword":"boc","title":"BOC\u4e2d\u56fd\u94f6\u884c","script":"dynamic ieevent clsid _boc_md5 _boc_resources_zh_CN_CurCode _boc_common _boc_PageLimit _boc_FormCheck.js _boc_createElement _boc_FormatMoneyShow _boc_FormatMoneyBase","value":"https://ebs.boc.cn/*","testUrl":"https://ebs.boc.cn/BocnetClient/LoginFrame1.do?_locale=zh_CN","userAgent":"ie9","identifier":"s_BOC","type":"wild"}}